decision;is_duplicate;category;category_slug;name;name_kana;name_en;prefecture;city;address;lat;lng;status;fee;hours;from_kameyama;summary;highlights;official_url;reference_urls;visit_priority;safety_level;safety_note;last_verified
;false;folk;民俗信仰;千光寺・円空仏寺宝館;せんこうじ・えんくうぶつじほうかん;Senkoji Temple / Enkubutsu Jihokan;岐阜県;高山市;〒506-2135 岐阜県高山市丹生川町下保1553;36.190000;137.288611;営業中（冬季閉館あり）;本堂・庫裏：大人300円・小中高生100円 / 円空仏寺宝館：大人500円・団体400円・小中高生200円;本堂9:00〜17:00（無休）/ 円空仏寺宝館9:30〜16:30（4月〜11月の土日月・祝のみ）;車で約2時間45分・東名阪→名神→中央道→長野道（松本IC）→国道158号→高山IC降下後・国道361号・県道経由で丹生川町へ。または新名神→東海北陸道→高山ICで約3時間。;標高約900mの袈裟山山腹に立地する高野山真言宗の古刹。4世紀の両面宿儺開創伝説を持ち・平安時代に真如親王が真言密教の祈願所として建立したと伝わる。境内の円空仏寺宝館には江戸時代の仏師・円空が貞享2年（1685）前後に滞在した際に彫った64体の円空仏を所蔵・公開しており・代表作「両面宿儺坐像」は岐阜県指定重要文化財。円空直筆の歌集『袈裟百首』原本も現存する。;"円空仏代表作「両面宿儺坐像」（貞享3年・1686年作・高87.5cm）を間近で拝観できる;立木仁王像・三十三観音像など64体の円空仏を一堂に展示する寺宝館;境内からの眺望：飛騨高山の里山と北アルプスの稜線が一望できる標高900m地点";https://senkouji.com;"https://www.hidatakayama.or.jp/spot/detail_1653.html;https://www.kankou-gifu.jp/spot/detail_1233.html;https://ja.wikipedia.org/wiki/%E5%8D%83%E5%85%89%E5%AF%BA_(%E9%AB%98%E5%B1%B1%E5%B8%82)";high;normal;;2026-06-01
;false;folk;民俗信仰;戸隠神社・奥社;とがくしじんじゃ・おくしゃ;Togakushi Shrine / Okusha (Inner Shrine);長野県;長野市;〒381-4101 長野県長野市戸隠奥社;36.765572;138.062009;営業中（冬季閉殿あり・参道は通年アクセス可）;拝観料無料（駐車場：3時間まで600円・以降1時間100円・1日最大1・000円）;授与所受付9:00〜17:00（冬期変更あり）。冬季（1/7〜4月下旬）は閉殿;車で約4時間・東名阪→名神→中央道→長野道（更埴IC）→上信越道→信濃町IC→国道18号・県道経由で戸隠へ。または新名神→中央道→長野道（松本IC）→国道19号→長野市経由で戸隠へ約4時間。高速バス（名古屋→長野）＋路線バスも可。;霊山・戸隠山（標高1・904m）の麓に鎮座する戸隠神社五社の御本社。天手力雄命（あめのたぢからおのみこと）を祀る。参道入口から奥社まで約2kmの杉並木参道は・樹齢400年超の杉が立ち並ぶ長野県指定天然記念物。平安時代の嘉祥2年（849）に学問行者が開いた修験道場を起源とし・かつては比叡山・高野山と並ぶ「三千坊三山」の霊場として全国に知られた。;"樹齢400年超の杉並木が続く随神門から奥社までの参道（約1km）は長野県指定天然記念物;天岩戸を開いた大力神・天手力雄命を祀る開運・心願成就のパワースポットとして知名度が高い;妙高戸隠連山国立公園内に位置し・春の残雪期や秋の紅葉期は別格の景観を誇る";https://www.togakushi-jinja.jp;"https://togakushi-21.jp/;https://togakushi-zaidan.jp/know/history/;https://ja.wikipedia.org/wiki/%E6%88%B8%E9%9A%A0%E7%A5%9E%E7%A4%BE";high;caution;冬季（1月7日〜4月下旬）奥社閉殿。随神門より先は積雪・雪崩のため立入禁止区間あり。要登山装備。;2026-06-01
;false;bkyu;B級スポット;鉄道神社（JR鉄道最高地点）;てつどうじんじゃ（じぇいあーるてつどうさいこうちてん）;Tetsudo Shrine / JR Highest Altitude Point;長野県;南佐久郡南牧村;〒384-1305 長野県南佐久郡南牧村野辺山214-34;35.945361;138.453611;営業中（参拝自由・通年）;無料;参拝自由（24時間）;車で約3時間30分・名神→中央道→長坂ICまたは須玉IC→国道141号を北上して野辺山へ。または東名阪→名神→中央道→小淵沢IC→国道141号経由。JRの場合は名古屋→中央線→小淵沢→小海線野辺山駅（徒歩約30分）。;JR小海線（八ヶ岳高原線）清里〜野辺山間の第3甲州街道踏切付近に位置する・標高1・375mのJR路線最高地点。踏切横に赤い鳥居の小社「鉄道神社」が鎮座し・廃車SLの車輪とレールをご神体として祀る。2005年（平成17年）4月に「JR最高地点を愛する会」が建立。車輪が夫婦一対のため縁結び・夫婦円満のご利益があるとされ・鉄道ファン以外の参拝者も多い。;"JR路線最高地点（標高1・375m）の踏切脇に建つ・SLの車輪をご神体とする珍しい神社;晴天時は八ヶ岳の雄大な眺望と列車の通過タイミングが重なる鉄道写真の名所;野辺山駅からJR最高地点まで徒歩約30分のトレイルが「最高地点ウォーク」として親しまれている";;"https://kiyosato.gr.jp/introduce/saikouchiten/;https://hotokami.jp/area/nagano/Hmttr/Hmttrtr/Daazk/145923/;https://koumi-line.jp/tourism/343/";medium;normal;;2026-06-01
;false;bkyu;B級スポット;奥飛騨クマ牧場;おくひだくまぼくじょう;Okuhida Bear Park;岐阜県;高山市;〒506-1432 岐阜県高山市奥飛騨温泉郷一重ヶ根2535;36.219278;137.543139;営業中（冬季水曜定休）;大人（中学生以上）1・100円・小人（3才〜小学生）600円（2026年4月以降要確認）;4〜11月 8:00〜17:00 / 12〜3月 9:00〜16:30（水曜定休）最終入園は閉園30分前;車で約3時間15分・東名阪→名神→中央道→長野道（松本IC）→国道158号→安房トンネル→国道471号→奥飛騨温泉郷方面。または新名神→東海北陸道→高山IC→国道471号経由。JR高山駅から濃飛バス「新穂高温泉」行きで約1時間20分「クマ牧場前」下車徒歩5分。;奥飛騨温泉郷（新平湯温泉）のほど近くに位置する熊の観光施設。ヒグマとツキノワグマ合わせて100頭余りを通年飼育し・年中冬眠しない熊の展示・エサやり体験で知られる。子グマとの記念撮影が名物で・「温泉地のアイドル」として地域観光を支えてきた。北アルプス・穂高連峰を望む標高約1・000mの高地に位置し・温泉観光との組み合わせが定番。;"ヒグマ・ツキノワグマ100頭超が通年飼育。冬眠しない熊を間近で観察できる稀有な施設;子グマとの記念撮影体験が名物。人懐っこい子グマの仕草が人気;奥飛騨温泉郷の各宿泊施設から近く・温泉旅行との組み合わせが容易";https://kumabokujyo.com;"https://www.okuhida.or.jp/archives/1771;https://www.kankou-gifu.jp/spot/detail_1226.html;https://www.hidatakayama.or.jp/okuhida/spot/detail_1708.html";medium;normal;;2026-06-01
;false;ruin;廃墟;旧布引電気鉄道跡;きゅうぬのびきでんきてつどうあと;Former Nunobiki Electric Railway Ruins;長野県;小諸市;長野県小諸市〜東御市（千曲川橋脚跡：長野県小諸市大字甲）;36.331083;138.386306;廃線跡（遺構が散在・一部のみ見学可）;無料（見学ポイントまでの駐車は布引温泉駐車場等を利用）;見学自由（川岸・私有地への立ち入りは不可）;車で約3時間・東名阪→名神→中央道→長野道（更埴IC）→上信越道（小諸IC）→国道18号・小諸市街へ。JRの場合は名古屋→中央線→（篠ノ井線）→しなの鉄道小諸駅。;1926年に開業し・わずか8年後の1934年に廃止となった幻の電気鉄道の遺構。信越本線小諸駅から東御市（旧北御牧村）島川原までの7.6kmを結ぶ計画で・川西地方の交通近代化を目指したが・昭和恐慌とバスの台頭による経営不振で休廃業。千曲川に架かる橋脚跡（押出〜布引間）が現在も川辺に残存し・廃線ファンの巡礼地となっている。押出駅のスイッチバック遺構も一部現存。;"千曲川中流部に残存する橋脚跡：廃線から90年近くを経ても川中に橋脚が立つ稀少な産業遺産;押出駅のスイッチバック遺構（「新町区・歴史的遺産を守る会」の説明板あり）;「始終空（シジュウカラ）の小鳥電車」という愛称が示す経営実態の歴史的記録";;"https://ja.wikipedia.org/wiki/%E5%B8%83%E5%BC%95%E9%9B%BB%E6%B0%97%E9%89%84%E9%81%93;http://haisentn.blog41.fc2.com/blog-entry-1998.html";medium;caution;千曲川橋脚跡など大部分が私有地・河川敷。遠望のみ可、無断立入禁止。;2026-06-01
;false;ruin;廃墟;旧長野電鉄河東線（木島線）廃線跡;きゅうながのでんてつかとうせん（きじません）はいせんあと;Former Nagano Electric Railway Kato Line (Kijima Line) Ruins;長野県;中野市〜飯山市;長野県中野市（信州中野駅）〜飯山市（木島駅跡）;36.851194;138.379806;廃線跡（遺構が点在・一部のみ見学可）;無料;見学自由（私有地への立ち入り不可）;車で約3時間45分・東名阪→名神→中央道→長野道（更埴IC）→上信越道→信濃町IC→国道18号・長野道（長野IC）→長野市→国道19号・県道経由で中野市へ。JRの場合は長野電鉄長野駅→信州中野駅（特急で約55分）。;2002年4月1日に廃止された長野電鉄河東線の信州中野〜木島間（通称：木島線）12.9kmの廃線跡。8駅が廃止され・線路・架線は速やかに撤去されたが・橋台・トンネル（飯綱山隧道）・一部盛土などが残存する。千曲川東岸（河東地区）の産業振興を目的に1925年に開業した河東鉄道を前身とし・77年の歴史に幕を閉じた地方鉄道の記憶を留める。;"飯綱山隧道（トンネル）など一部の橋梁跡・隧道が2023年現在も残存;廃線跡の一部（四ヶ郷〜柳沢間）が北陸新幹線延伸に伴う県道代替「赤岩バイパス」として転用されたという珍しい事例;信州中野駅に残るかつての木島線ホーム跡（現在は不使用）が往時の規模を示す";;"https://ja.wikipedia.org/wiki/%E9%95%B7%E9%87%8E%E9%9B%BB%E9%89%84%E6%B2%B3%E6%9D%B1%E7%B7%9A;https://www.hotetu.net/haisen/HokurikuShinetu/110403naganodentetukijimasen.html";medium;caution;木島線廃線跡は私有地・農地転用区間あり。レール・ホームへの無断立入禁止。;2026-06-01
;false;ruin;廃墟;神岡鉱山跡・茂住坑;かみおかこうざんあと・もずみこう;Kamioka Mine Ruins / Mozumi Pit (Super-Kamiokande Site);岐阜県;飛騨市;〒506-1103 岐阜県飛騨市神岡町東茂住（茂住坑口）;36.348833;137.295194;閉山中（資料館は冬季閉館・通年見学は限定的）;神岡鉱山資料館：有料（詳細は飛騨市教育委員会に要確認）/ スーパーカミオカンデ一般公開：3・500円（抽選制）;神岡鉱山資料館9:00〜16:30（12〜3月冬季閉館）/ スーパーカミオカンデ一般公開は年1回11月の特定日のみ;車で約3時間・東名阪→名神→中央道→長野道（松本IC）→国道158号→安房トンネル→国道471号→飛騨市神岡町へ。または新名神→東海北陸道→富山方面→国道41号南下。JRでは飛騨古川駅から車で30分。;奈良時代の養老年間（720年頃）から操業記録が残り・2001年に亜鉛・鉛・銀の採掘を中止した東洋一規模の元鉱山。1874年（明治7年）から三井金属が経営し・総採掘量7・500万トンを誇る。茂住坑の廃坑跡は東京大学宇宙線研究所の世界最大のニュートリノ観測装置「スーパーカミオカンデ」の設置地点として転用され・2015年のノーベル物理学賞（梶田隆章博士）と深く結びついた世界的研究施設となっている。;"世界最大のニュートリノ観測装置「スーパーカミオカンデ」が地下1・000mに設置された茂住坑跡;神岡鉱山資料館（飛騨市神岡町城ヶ丘）で元禄時代の採掘道具から近代機械まで約300年の鉱山史を展示;年に一度（11月）のスーパーカミオカンデ一般公開は全国から数千人が応募する人気イベント（事前申込・抽選制）";;"https://www-sk.icrr.u-tokyo.ac.jp/sk/;https://www.city.hida.gifu.jp/site/kamiokalab/75656.html;https://go-centraljapan.jp/ja/industry/detail_326.html";medium;caution;茂住坑口周辺は私有地・三菱マテリアル保安区域、無断立入厳禁。スーパーカミオカンデ見学は年1回抽選制（11月実施）。;2026-06-01
;false;nature;自然奇景;鬼押出し園;おにおしだしえん;Onioshidashi Volcanic Park;群馬県;吾妻郡嬬恋村;〒377-1593 群馬県吾妻郡嬬恋村鎌原1053;36.444755;138.537243;営業中（通年）;個人：大人（中学生以上）700円・子ども（小学生）500円・未就学児無料;8:00〜17:00（最終入園16:30）通年営業。冬期はレストラン休業・売店のみ。元日は6:20から営業;車で約3時間30分・東名阪→名神→中央道→上信越道（碓氷軽井沢IC）→中軽井沢→鬼押ハイウェー経由で約45分（鬼押ハイウェーは有料道路）。または上信越道（小諸IC）→軽井沢→鬼押ハイウェー経由。JRの場合は軽井沢駅から西武観光バスで「鬼押出し園」停下車すぐ。;1783年（天明3年）8月5日に起きた浅間山天明大噴火の際に噴出した溶岩流（長さ5km・幅1〜2km・厚さ約30m）が凝固してできた奇勝を有料公開する観光施設。経営はプリンスホテルズ＆リゾーツ。標高約1・350mの浅間高原に位置し・黒色の溶岩原野に遊歩道が整備されている。園内中央の高台には噴火犠牲者を弔う「浅間山観音堂」（東京・上野の寛永寺別院）が鎮座する。;"天明大噴火（1783年）の溶岩流が凝固した「溶岩の芸術」を歩いて体感できる国内屈指の景勝地;浅間山観音堂（東叡山寛永寺別院）からの360度パノラマ眺望：浅間山・本白根山・谷川岳などを一望;30分・40分・60分の3種のモデルコースから選べる散策ルート：高山植物約100種が生育する高原植物観察も可能";https://www.princehotels.co.jp/amuse/onioshidashi/;"https://www.tsumagoi-kankou.jp/sight/%E9%AC%BC%E6%8A%BC%E5%87%BA%E3%81%97%E5%9C%92;https://ja.wikipedia.org/wiki/%E9%AC%BC%E6%8A%BC%E5%87%BA%E3%81%97%E5%9C%92;https://www.walkerplus.com/spot/ar0310s77589/";medium;normal;;2026-06-01
;false;nature;自然奇景;寝覚の床;ねざめのとこ;Nezame no Toko (Sleeping-Waking Gorge);長野県;木曽郡上松町;〒399-5607 長野県木曽郡上松町大字上松（寝覚）;35.772647;137.699450;営業中（散策自由）;散策自由（臨川寺境内・展望台からは拝観料200円・木曽人ねざめ亭経由は通行料300円）;散策自由（夜間・冬季の滑りやすい時期は自己責任）/ 臨川寺：夏期8:00〜18:00・冬期8:00〜17:00;車で約2時間・東名阪→名神→中央道→長野道（塩尻IC）→国道19号を南へ約54km（1時間）。または中央道（中津川IC）→国道19号を北へ。JRの場合は名古屋→中央線→上松駅下車（徒歩約20〜25分）または上松町コミュニティバスで5分。;木曽川の急流が花崗岩の岩盤を侵食してできた奇勝で・大正12年（1923年）に国の名勝に指定。2020年に中央アルプス国定公園へ昇格。巨大な花崗岩が川辺に整然と並ぶ様子は「方状節理」と呼ばれる地質学的な現象によるもので・約1.2万年前に岩盤が露出した。中山道を往来した歌人・文人が詠んだ歌も多く・長野県歌「信濃の国」にも「旅のやどりの寝覚の床」と謳われる。浦島太郎伝説の舞台としても知られる。;"花崗岩の方状節理・甌穴（ポットホール）が織りなす独特の地形：地質学的に国内でも希少な景観;臨川寺境内の展望台から見下ろす俯瞰構図・河原まで降りて見上げる仰視構図の両方が楽しめる;JR中央本線（特急しなの）の車窓から一望できる絶景：通過時に車掌がアナウンスし速度を落とす区間";https://kiso-hinoki.jp/colibri-wp/tourist/nezamenotoko/;"https://ja.wikipedia.org/wiki/%E5%AF%9D%E8%A6%9A%E3%81%AE%E5%BA%8A;https://rurubu.jp/andmore/spot/80020141;https://chuoalps-kiso-guide.com/spot/detail_303.html";medium;caution;河原降下は急階段・濡れた岩は滑落注意、自己責任。臨川寺経由が安全。;2026-06-01
